title,genre,description
Sci-Fi Story 10,sci-fi,"an old detective confronts a world of time and spaceship, where robot and galaxy change everything."
Romance Story 3,romance,"a lonely detective must face a world of passion and affair, where soulmate and romantic change everything."
Action Story 2,action,"an old stranger sets out to a world of escape and agent, where mission and fight change everything."
Sci-Fi Story 6,sci-fi,"a lonely writer discovers a world of artificial and future, where technology and alien change everything."
Sci-Fi Story 5,sci-fi,"an old writer must face a world of space and time, where alien and robot change everything."
Drama Story 8,drama,"a small-town soldier battles a world of emotional and life, where truth and secret change everything."
Drama Story 7,drama,"an unlikely man struggles with a world of grief and redemption, where emotional and truth change everything."
Horror Story 10,horror,"an unlikely man confronts a world of terrifying and demon, where creepy and curse change everything."
Romance Story 1,romance,"a determined scientist sets out to a world of heart and passion, where affair and soulmate change everything."
Comedy Story 6,comedy,"a determined man battles a world of wedding and hilarious, where friends and prank change everything."
Action Story 3,action,"a group of stranger struggles with a world of mission and fight, where rescue and hero change everything."
Comedy Story 7,comedy,"an unlikely family confronts a world of prank and hilarious, where wedding and goofy change everything."
Comedy Story 2,comedy,"a young man must face a world of hilarious and prank, where quirky and wedding change everything."
Action Story 10,action,"a brilliant family uncovers a world of agent and weapon, where rescue and gunfire change everything."
Comedy Story 12,comedy,"a young detective discovers a world of laughs and prank, where comedy and friends change everything."
Drama Story 9,drama,"a group of stranger must face a world of redemption and life, where hope and journey change everything."
Horror Story 1,horror,"a lonely writer confronts a world of demon and dark, where scream and ghost change everything."
Romance Story 2,romance,"a mysterious stranger confronts a world of kiss and affair, where soulmate and relationship change everything."
Horror Story 8,horror,"a small-town man struggles with a world of ghost and scream, where dark and terrifying change everything."
Comedy Story 5,comedy,"a brilliant woman must face a world of friends and laughs, where jokes and comedy change everything."
Sci-Fi Story 1,sci-fi,"a young student sets out to a world of planet and artificial, where future and technology change everything."
Action Story 1,action,"a lonely stranger struggles with a world of mission and gunfire, where weapon and hero change everything."
Horror Story 12,horror,"a small-town woman tries to find a world of blood and possessed, where ghost and evil change everything."
Sci-Fi Story 11,sci-fi,"an unlikely man struggles with a world of spaceship and robot, where planet and artificial change everything."
Sci-Fi Story 2,sci-fi,"a determined child battles a world of space and technology, where spaceship and planet change everything."
Action Story 6,action,"a brilliant man confronts a world of battle and chase, where fight and mission change everything."
Comedy Story 10,comedy,"a determined teacher must face a world of jokes and friends, where goofy and comedy change everything."
Drama Story 12,drama,"a lonely teacher sets out to a world of grief and loss, where journey and truth change everything."
Comedy Story 3,comedy,"an unlikely detective sets out to a world of comedy and quirky, where prank and funny change everything."
Horror Story 3,horror,"a determined teacher sets out to a world of terrifying and blood, where curse and possessed change everything."
Drama Story 3,drama,"an unlikely scientist uncovers a world of emotional and family, where truth and grief change everything."
Romance Story 11,romance,"a small-town scientist must face a world of relationship and passion, where kiss and romantic change everything."
Drama Story 10,drama,"a lonely stranger struggles with a world of emotional and hope, where secret and loss change everything."
Horror Story 6,horror,"a small-town scientist struggles with a world of possessed and ghost, where dark and creepy change everything."
Action Story 8,action,"a young student confronts a world of weapon and chase, where rescue and battle change everything."
Horror Story 5,horror,"a group of stranger sets out to a world of ghost and haunted, where creepy and terrifying change everything."
Sci-Fi Story 8,sci-fi,"a determined soldier confronts a world of future and spaceship, where technology and robot change everything."
Romance Story 7,romance,"a small-town child uncovers a world of destiny and soulmate, where passion and kiss change everything."
Comedy Story 11,comedy,"a group of soldier sets out to a world of goofy and jokes, where prank and comedy change everything."
Drama Story 1,drama,"a young woman sets out to a world of loss and emotional, where struggle and grief change everything."
Sci-Fi Story 12,sci-fi,"an old woman tries to find a world of artificial and alien, where robot and spaceship change everything."
Romance Story 4,romance,"a lonely man must face a world of wedding and love, where affair and kiss change everything."
Romance Story 9,romance,"a brilliant woman uncovers a world of love and romantic, where soulmate and couple change everything."
Sci-Fi Story 4,sci-fi,"an unlikely scientist tries to find a world of galaxy and space, where experiment and planet change everything."
Drama Story 5,drama,"a brilliant child struggles with a world of emotional and hope, where redemption and truth change everything."
Horror Story 9,horror,"a determined stranger uncovers a world of curse and terrifying, where creepy and ghost change everything."
Sci-Fi Story 3,sci-fi,"a young writer discovers a world of robot and future, where spaceship and experiment change everything."
Action Story 9,action,"an old child discovers a world of battle and weapon, where mission and chase change everything."
Action Story 12,action,"an unlikely couple discovers a world of mission and hero, where escape and battle change everything."
Sci-Fi Story 7,sci-fi,"a determined detective confronts a world of experiment and alien, where technology and galaxy change everything."
Action Story 5,action,"a brilliant writer tries to find a world of explosion and chase, where escape and fight change everything."
Comedy Story 9,comedy,"a small-town stranger confronts a world of comedy and hilarious, where wedding and laughs change everything."
Action Story 11,action,"a brilliant family must face a world of weapon and fight, where gunfire and battle change everything."
Comedy Story 8,comedy,"a lonely family must face a world of goofy and comedy, where hilarious and funny change everything."
Drama Story 6,drama,"a mysterious stranger tries to find a world of hope and struggle, where life and truth change everything."
Horror Story 4,horror,"a group of scientist battles a world of possessed and dark, where demon and blood change everything."
Romance Story 12,romance,"a lonely student sets out to a world of love and affair, where soulmate and romantic change everything."
Comedy Story 4,comedy,"a group of teacher sets out to a world of comedy and misunderstanding, where laughs and funny change everything."
Romance Story 6,romance,"a lonely scientist tries to find a world of affair and kiss, where relationship and passion change everything."
Romance Story 10,romance,"a group of child tries to find a world of kiss and soulmate, where affair and passion change everything."
Sci-Fi Story 9,sci-fi,"an old scientist uncovers a world of alien and space, where planet and artificial change everything."
Drama Story 2,drama,"a mysterious writer uncovers a world of secret and redemption, where truth and loss change everything."
Drama Story 11,drama,"a young detective battles a world of life and redemption, where struggle and family change everything."
Horror Story 11,horror,"a determined detective discovers a world of night and haunted, where ghost and demon change everything."
Romance Story 5,romance,"a young couple must face a world of soulmate and love, where kiss and romantic change everything."
Action Story 7,action,"an unlikely child tries to find a world of weapon and gunfire, where explosion and hero change everything."
Horror Story 2,horror,"a small-town student struggles with a world of blood and evil, where night and dark change everything."
Comedy Story 1,comedy,"a lonely detective tries to find a world of quirky and hilarious, where funny and laughs change everything."
Horror Story 7,horror,"a determined stranger confronts a world of curse and haunted, where ghost and creepy change everything."
Romance Story 8,romance,"a mysterious child battles a world of romantic and soulmate, where couple and wedding change everything."
Action Story 4,action,"an unlikely man must face a world of chase and agent, where escape and battle change everything."
Drama Story 4,drama,"a brilliant stranger must face a world of secret and truth, where loss and redemption change everything."
